<?xml version="1.0" encoding="UTF-8"?>

<entry id="SYS_DOMAIN" alias="域">
  <item id="actived" alias="活跃" type="string" virtual="true" display="1" renderer="formatShow" width="50"/>
  <item id="ID" alias="域名" type="string" length="50" not-null="1" generator="assigned" pkey="true" queryable="true"/>
  <item id="DomainName" alias="中文别名" type="string" length="50" not-null="1"  width="120" queryable="true"/>
  <item id="Status" alias="域的状态" type="string" not-null="1" defaultValue="0">
  	<dic>
	    <item key="0" text="禁用"/>
  		<item key="1" text="启用"/>  		
  	</dic>
  </item>
  <item id="DomainUrl" alias="应用域地址" type="string" width="120" colspan="2" not-null="1" length="50"/>
  <item id="WebRoot" alias="应用项目名" type="string" length="50" not-null="1"/>
  <item id="REMARK" alias="备注" type="string" length="200" xtype="textarea" colspan="3" width="220"/> 
</entry>
